blue,Honda
blue,BMW
blue,Kia
blue,Audi
blue,Toyota
blue,lexus
blue,mini
blue,fiat
blue,ford
blue,land rover
red,Honda
red,BMW
red,Kia
red,Audi
red,Toyota
red,lexus
red,mini
red,fiat
red,ford
red,land rover
green,Honda
green,BMW
green,Kia
green,Audi
green,Toyota
green,lexus
green,mini
green,fiat
green,ford
green,land rover
black,Honda
black,BMW
black,Kia
black,Audi
black,Toyota
black,lexus
black,mini
black,fiat
black,ford
black,land rover
white,Honda
white,BMW
white,Kia
white,Audi
white,Toyota
white,lexus
white,mini
white,fiat
white,ford
white,land rover